K2,K3,T,t1,t2,t3
1,1,-0.017453293,1,1,1
1,0.2,-0.017453293,1,1,5
1,0.1,-0.017453293,1,1,10
1,0.066666667,-0.017453293,1,1,15
1,0.05,-0.017453293,1,1,20
1,0.04,-0.017453293,1,1,25
1,0.033333333,-0.017453293,1,1,30
1,0.028571429,-0.017453293,1,1,35
1,0.025,-0.017453293,1,1,40
1,0.022222222,-0.017453293,1,1,45
0.2,1,-0.017453293,1,5,1
0.2,0.2,-0.017453293,1,5,5
0.2,0.1,-0.017453293,1,5,10
0.2,0.066666667,-0.017453293,1,5,15
0.2,0.05,-0.017453293,1,5,20
0.2,0.04,-0.017453293,1,5,25
0.2,0.033333333,-0.017453293,1,5,30
0.2,0.028571429,-0.017453293,1,5,35
0.2,0.025,-0.017453293,1,5,40
0.2,0.022222222,-0.017453293,1,5,45
0.1,1,-0.017453293,1,10,1
0.1,0.2,-0.017453293,1,10,5
0.1,0.1,-0.017453293,1,10,10
0.1,0.066666667,-0.017453293,1,10,15
0.1,0.05,-0.017453293,1,10,20
0.1,0.04,-0.017453293,1,10,25
0.1,0.033333333,-0.017453293,1,10,30
0.1,0.028571429,-0.017453293,1,10,35
0.1,0.025,-0.017453293,1,10,40
0.1,0.022222222,-0.017453293,1,10,45
0.066666667,1,-0.017453293,1,15,1
0.066666667,0.2,-0.017453293,1,15,5
0.066666667,0.1,-0.017453293,1,15,10
0.066666667,0.066666667,-0.017453293,1,15,15
0.066666667,0.05,-0.017453293,1,15,20
0.066666667,0.04,-0.017453293,1,15,25
0.066666667,0.033333333,-0.017453293,1,15,30
0.066666667,0.028571429,-0.017453293,1,15,35
0.066666667,0.025,-0.017453293,1,15,40
0.066666667,0.022222222,-0.017453293,1,15,45
0.05,1,-0.017453293,1,20,1
0.05,0.2,-0.017453293,1,20,5
0.05,0.1,-0.017453293,1,20,10
0.05,0.066666667,-0.017453293,1,20,15
0.05,0.05,-0.017453293,1,20,20
0.05,0.04,-0.017453293,1,20,25
0.05,0.033333333,-0.017453293,1,20,30
0.05,0.028571429,-0.017453293,1,20,35
0.05,0.025,-0.017453293,1,20,40
0.05,0.022222222,-0.017453293,1,20,45
0.04,1,-0.017453293,1,25,1
0.04,0.2,-0.017453293,1,25,5
0.04,0.1,-0.017453293,1,25,10
0.04,0.066666667,-0.017453293,1,25,15
0.04,0.05,-0.017453293,1,25,20
0.04,0.04,-0.017453293,1,25,25
0.04,0.033333333,-0.017453293,1,25,30
0.04,0.028571429,-0.017453293,1,25,35
0.04,0.025,-0.017453293,1,25,40
0.04,0.022222222,-0.017453293,1,25,45
0.033333333,1,-0.017453293,1,30,1
0.033333333,0.2,-0.017453293,1,30,5
0.033333333,0.1,-0.017453293,1,30,10
0.033333333,0.066666667,-0.017453293,1,30,15
0.033333333,0.05,-0.017453293,1,30,20
0.033333333,0.04,-0.017453293,1,30,25
0.033333333,0.033333333,-0.017453293,1,30,30
0.033333333,0.028571429,-0.017453293,1,30,35
0.033333333,0.025,-0.017453293,1,30,40
0.033333333,0.022222222,-0.017453293,1,30,45
0.028571429,1,-0.017453293,1,35,1
0.028571429,0.2,-0.017453293,1,35,5
0.028571429,0.1,-0.017453293,1,35,10
0.028571429,0.066666667,-0.017453293,1,35,15
0.028571429,0.05,-0.017453293,1,35,20
0.028571429,0.04,-0.017453293,1,35,25
0.028571429,0.033333333,-0.017453293,1,35,30
0.028571429,0.028571429,-0.017453293,1,35,35
0.028571429,0.025,-0.017453293,1,35,40
0.028571429,0.022222222,-0.017453293,1,35,45
0.025,1,-0.017453293,1,40,1
0.025,0.2,-0.017453293,1,40,5
0.025,0.1,-0.017453293,1,40,10
0.025,0.066666667,-0.017453293,1,40,15
0.025,0.05,-0.017453293,1,40,20
0.025,0.04,-0.017453293,1,40,25
0.025,0.033333333,-0.017453293,1,40,30
0.025,0.028571429,-0.017453293,1,40,35
0.025,0.025,-0.017453293,1,40,40
0.025,0.022222222,-0.017453293,1,40,45
0.022222222,1,-0.017453293,1,45,1
0.022222222,0.2,-0.017453293,1,45,5
0.022222222,0.1,-0.017453293,1,45,10
0.022222222,0.066666667,-0.017453293,1,45,15
0.022222222,0.05,-0.017453293,1,45,20
0.022222222,0.04,-0.017453293,1,45,25
0.022222222,0.033333333,-0.017453293,1,45,30
0.022222222,0.028571429,-0.017453293,1,45,35
0.022222222,0.025,-0.017453293,1,45,40
0.022222222,0.022222222,-0.017453293,1,45,45
5,5,-0.087266463,5,1,1
5,1,-0.087266463,5,1,5
5,0.5,-0.087266463,5,1,10
5,0.333333333,-0.087266463,5,1,15
5,0.25,-0.087266463,5,1,20
5,0.2,-0.087266463,5,1,25
5,0.166666667,-0.087266463,5,1,30
5,0.142857143,-0.087266463,5,1,35
5,0.125,-0.087266463,5,1,40
5,0.111111111,-0.087266463,5,1,45
1,5,-0.087266463,5,5,1
1,1,-0.087266463,5,5,5
1,0.5,-0.087266463,5,5,10
1,0.333333333,-0.087266463,5,5,15
1,0.25,-0.087266463,5,5,20
1,0.2,-0.087266463,5,5,25
1,0.166666667,-0.087266463,5,5,30
1,0.142857143,-0.087266463,5,5,35
1,0.125,-0.087266463,5,5,40
1,0.111111111,-0.087266463,5,5,45
0.5,5,-0.087266463,5,10,1
0.5,1,-0.087266463,5,10,5
0.5,0.5,-0.087266463,5,10,10
0.5,0.333333333,-0.087266463,5,10,15
0.5,0.25,-0.087266463,5,10,20
0.5,0.2,-0.087266463,5,10,25
0.5,0.166666667,-0.087266463,5,10,30
0.5,0.142857143,-0.087266463,5,10,35
0.5,0.125,-0.087266463,5,10,40
0.5,0.111111111,-0.087266463,5,10,45
0.333333333,5,-0.087266463,5,15,1
0.333333333,1,-0.087266463,5,15,5
0.333333333,0.5,-0.087266463,5,15,10
0.333333333,0.333333333,-0.087266463,5,15,15
0.333333333,0.25,-0.087266463,5,15,20
0.333333333,0.2,-0.087266463,5,15,25
0.333333333,0.166666667,-0.087266463,5,15,30
0.333333333,0.142857143,-0.087266463,5,15,35
0.333333333,0.125,-0.087266463,5,15,40
0.333333333,0.111111111,-0.087266463,5,15,45
0.25,5,-0.087266463,5,20,1
0.25,1,-0.087266463,5,20,5
0.25,0.5,-0.087266463,5,20,10
0.25,0.333333333,-0.087266463,5,20,15
0.25,0.25,-0.087266463,5,20,20
0.25,0.2,-0.087266463,5,20,25
0.25,0.166666667,-0.087266463,5,20,30
0.25,0.142857143,-0.087266463,5,20,35
0.25,0.125,-0.087266463,5,20,40
0.25,0.111111111,-0.087266463,5,20,45
0.2,5,-0.087266463,5,25,1
0.2,1,-0.087266463,5,25,5
0.2,0.5,-0.087266463,5,25,10
0.2,0.333333333,-0.087266463,5,25,15
0.2,0.25,-0.087266463,5,25,20
0.2,0.2,-0.087266463,5,25,25
0.2,0.166666667,-0.087266463,5,25,30
0.2,0.142857143,-0.087266463,5,25,35
0.2,0.125,-0.087266463,5,25,40
0.2,0.111111111,-0.087266463,5,25,45
0.166666667,5,-0.087266463,5,30,1
0.166666667,1,-0.087266463,5,30,5
0.166666667,0.5,-0.087266463,5,30,10
0.166666667,0.333333333,-0.087266463,5,30,15
0.166666667,0.25,-0.087266463,5,30,20
0.166666667,0.2,-0.087266463,5,30,25
0.166666667,0.166666667,-0.087266463,5,30,30
0.166666667,0.142857143,-0.087266463,5,30,35
0.166666667,0.125,-0.087266463,5,30,40
0.166666667,0.111111111,-0.087266463,5,30,45
0.142857143,5,-0.087266463,5,35,1
0.142857143,1,-0.087266463,5,35,5
0.142857143,0.5,-0.087266463,5,35,10
0.142857143,0.333333333,-0.087266463,5,35,15
0.142857143,0.25,-0.087266463,5,35,20
0.142857143,0.2,-0.087266463,5,35,25
0.142857143,0.166666667,-0.087266463,5,35,30
0.142857143,0.142857143,-0.087266463,5,35,35
0.142857143,0.125,-0.087266463,5,35,40
0.142857143,0.111111111,-0.087266463,5,35,45
0.125,5,-0.087266463,5,40,1
0.125,1,-0.087266463,5,40,5
0.125,0.5,-0.087266463,5,40,10
0.125,0.333333333,-0.087266463,5,40,15
0.125,0.25,-0.087266463,5,40,20
0.125,0.2,-0.087266463,5,40,25
0.125,0.166666667,-0.087266463,5,40,30
0.125,0.142857143,-0.087266463,5,40,35
0.125,0.125,-0.087266463,5,40,40
0.125,0.111111111,-0.087266463,5,40,45
0.111111111,5,-0.087266463,5,45,1
0.111111111,1,-0.087266463,5,45,5
0.111111111,0.5,-0.087266463,5,45,10
0.111111111,0.333333333,-0.087266463,5,45,15
0.111111111,0.25,-0.087266463,5,45,20
0.111111111,0.2,-0.087266463,5,45,25
0.111111111,0.166666667,-0.087266463,5,45,30
0.111111111,0.142857143,-0.087266463,5,45,35
0.111111111,0.125,-0.087266463,5,45,40
0.111111111,0.111111111,-0.087266463,5,45,45
10,10,-0.174532925,10,1,1
10,2,-0.174532925,10,1,5
10,1,-0.174532925,10,1,10
10,0.666666667,-0.174532925,10,1,15
10,0.5,-0.174532925,10,1,20
10,0.4,-0.174532925,10,1,25
10,0.333333333,-0.174532925,10,1,30
10,0.285714286,-0.174532925,10,1,35
10,0.25,-0.174532925,10,1,40
10,0.222222222,-0.174532925,10,1,45
2,10,-0.174532925,10,5,1
2,2,-0.174532925,10,5,5
2,1,-0.174532925,10,5,10
2,0.666666667,-0.174532925,10,5,15
2,0.5,-0.174532925,10,5,20
2,0.4,-0.174532925,10,5,25
2,0.333333333,-0.174532925,10,5,30
2,0.285714286,-0.174532925,10,5,35
2,0.25,-0.174532925,10,5,40
2,0.222222222,-0.174532925,10,5,45
1,10,-0.174532925,10,10,1
1,2,-0.174532925,10,10,5
1,1,-0.174532925,10,10,10
1,0.666666667,-0.174532925,10,10,15
1,0.5,-0.174532925,10,10,20
1,0.4,-0.174532925,10,10,25
1,0.333333333,-0.174532925,10,10,30
1,0.285714286,-0.174532925,10,10,35
1,0.25,-0.174532925,10,10,40
1,0.222222222,-0.174532925,10,10,45
0.666666667,10,-0.174532925,10,15,1
0.666666667,2,-0.174532925,10,15,5
0.666666667,1,-0.174532925,10,15,10
0.666666667,0.666666667,-0.174532925,10,15,15
0.666666667,0.5,-0.174532925,10,15,20
0.666666667,0.4,-0.174532925,10,15,25
0.666666667,0.333333333,-0.174532925,10,15,30
0.666666667,0.285714286,-0.174532925,10,15,35
0.666666667,0.25,-0.174532925,10,15,40
0.666666667,0.222222222,-0.174532925,10,15,45
0.5,10,-0.174532925,10,20,1
0.5,2,-0.174532925,10,20,5
0.5,1,-0.174532925,10,20,10
0.5,0.666666667,-0.174532925,10,20,15
0.5,0.5,-0.174532925,10,20,20
0.5,0.4,-0.174532925,10,20,25
0.5,0.333333333,-0.174532925,10,20,30
0.5,0.285714286,-0.174532925,10,20,35
0.5,0.25,-0.174532925,10,20,40
0.5,0.222222222,-0.174532925,10,20,45
0.4,10,-0.174532925,10,25,1
0.4,2,-0.174532925,10,25,5
0.4,1,-0.174532925,10,25,10
0.4,0.666666667,-0.174532925,10,25,15
0.4,0.5,-0.174532925,10,25,20
0.4,0.4,-0.174532925,10,25,25
0.4,0.333333333,-0.174532925,10,25,30
0.4,0.285714286,-0.174532925,10,25,35
0.4,0.25,-0.174532925,10,25,40
0.4,0.222222222,-0.174532925,10,25,45
0.333333333,10,-0.174532925,10,30,1
0.333333333,2,-0.174532925,10,30,5
0.333333333,1,-0.174532925,10,30,10
0.333333333,0.666666667,-0.174532925,10,30,15
0.333333333,0.5,-0.174532925,10,30,20
0.333333333,0.4,-0.174532925,10,30,25
0.333333333,0.333333333,-0.174532925,10,30,30
0.333333333,0.285714286,-0.174532925,10,30,35
0.333333333,0.25,-0.174532925,10,30,40
0.333333333,0.222222222,-0.174532925,10,30,45
0.285714286,10,-0.174532925,10,35,1
0.285714286,2,-0.174532925,10,35,5
0.285714286,1,-0.174532925,10,35,10
0.285714286,0.666666667,-0.174532925,10,35,15
0.285714286,0.5,-0.174532925,10,35,20
0.285714286,0.4,-0.174532925,10,35,25
0.285714286,0.333333333,-0.174532925,10,35,30
0.285714286,0.285714286,-0.174532925,10,35,35
0.285714286,0.25,-0.174532925,10,35,40
0.285714286,0.222222222,-0.174532925,10,35,45
0.25,10,-0.174532925,10,40,1
0.25,2,-0.174532925,10,40,5
0.25,1,-0.174532925,10,40,10
0.25,0.666666667,-0.174532925,10,40,15
0.25,0.5,-0.174532925,10,40,20
0.25,0.4,-0.174532925,10,40,25
0.25,0.333333333,-0.174532925,10,40,30
0.25,0.285714286,-0.174532925,10,40,35
0.25,0.25,-0.174532925,10,40,40
0.25,0.222222222,-0.174532925,10,40,45
0.222222222,10,-0.174532925,10,45,1
0.222222222,2,-0.174532925,10,45,5
0.222222222,1,-0.174532925,10,45,10
0.222222222,0.666666667,-0.174532925,10,45,15
0.222222222,0.5,-0.174532925,10,45,20
0.222222222,0.4,-0.174532925,10,45,25
0.222222222,0.333333333,-0.174532925,10,45,30
0.222222222,0.285714286,-0.174532925,10,45,35
0.222222222,0.25,-0.174532925,10,45,40
0.222222222,0.222222222,-0.174532925,10,45,45
15,15,-0.261799388,15,1,1
15,3,-0.261799388,15,1,5
15,1.5,-0.261799388,15,1,10
15,1,-0.261799388,15,1,15
15,0.75,-0.261799388,15,1,20
15,0.6,-0.261799388,15,1,25
15,0.5,-0.261799388,15,1,30
15,0.428571429,-0.261799388,15,1,35
15,0.375,-0.261799388,15,1,40
15,0.333333333,-0.261799388,15,1,45
3,15,-0.261799388,15,5,1
3,3,-0.261799388,15,5,5
3,1.5,-0.261799388,15,5,10
3,1,-0.261799388,15,5,15
3,0.75,-0.261799388,15,5,20
3,0.6,-0.261799388,15,5,25
3,0.5,-0.261799388,15,5,30
3,0.428571429,-0.261799388,15,5,35
3,0.375,-0.261799388,15,5,40
3,0.333333333,-0.261799388,15,5,45
1.5,15,-0.261799388,15,10,1
1.5,3,-0.261799388,15,10,5
1.5,1.5,-0.261799388,15,10,10
1.5,1,-0.261799388,15,10,15
1.5,0.75,-0.261799388,15,10,20
1.5,0.6,-0.261799388,15,10,25
1.5,0.5,-0.261799388,15,10,30
1.5,0.428571429,-0.261799388,15,10,35
1.5,0.375,-0.261799388,15,10,40
1.5,0.333333333,-0.261799388,15,10,45
1,15,-0.261799388,15,15,1
1,3,-0.261799388,15,15,5
1,1.5,-0.261799388,15,15,10
1,1,-0.261799388,15,15,15
1,0.75,-0.261799388,15,15,20
1,0.6,-0.261799388,15,15,25
1,0.5,-0.261799388,15,15,30
1,0.428571429,-0.261799388,15,15,35
1,0.375,-0.261799388,15,15,40
1,0.333333333,-0.261799388,15,15,45
0.75,15,-0.261799388,15,20,1
0.75,3,-0.261799388,15,20,5
0.75,1.5,-0.261799388,15,20,10
0.75,1,-0.261799388,15,20,15
0.75,0.75,-0.261799388,15,20,20
0.75,0.6,-0.261799388,15,20,25
0.75,0.5,-0.261799388,15,20,30
0.75,0.428571429,-0.261799388,15,20,35
0.75,0.375,-0.261799388,15,20,40
0.75,0.333333333,-0.261799388,15,20,45
0.6,15,-0.261799388,15,25,1
0.6,3,-0.261799388,15,25,5
0.6,1.5,-0.261799388,15,25,10
0.6,1,-0.261799388,15,25,15
0.6,0.75,-0.261799388,15,25,20
0.6,0.6,-0.261799388,15,25,25
0.6,0.5,-0.261799388,15,25,30
0.6,0.428571429,-0.261799388,15,25,35
0.6,0.375,-0.261799388,15,25,40
0.6,0.333333333,-0.261799388,15,25,45
0.5,15,-0.261799388,15,30,1
0.5,3,-0.261799388,15,30,5
0.5,1.5,-0.261799388,15,30,10
0.5,1,-0.261799388,15,30,15
0.5,0.75,-0.261799388,15,30,20
0.5,0.6,-0.261799388,15,30,25
0.5,0.5,-0.261799388,15,30,30
0.5,0.428571429,-0.261799388,15,30,35
0.5,0.375,-0.261799388,15,30,40
0.5,0.333333333,-0.261799388,15,30,45
0.428571429,15,-0.261799388,15,35,1
0.428571429,3,-0.261799388,15,35,5
0.428571429,1.5,-0.261799388,15,35,10
0.428571429,1,-0.261799388,15,35,15
0.428571429,0.75,-0.261799388,15,35,20
0.428571429,0.6,-0.261799388,15,35,25
0.428571429,0.5,-0.261799388,15,35,30
0.428571429,0.428571429,-0.261799388,15,35,35
0.428571429,0.375,-0.261799388,15,35,40
0.428571429,0.333333333,-0.261799388,15,35,45
0.375,15,-0.261799388,15,40,1
0.375,3,-0.261799388,15,40,5
0.375,1.5,-0.261799388,15,40,10
0.375,1,-0.261799388,15,40,15
0.375,0.75,-0.261799388,15,40,20
0.375,0.6,-0.261799388,15,40,25
0.375,0.5,-0.261799388,15,40,30
0.375,0.428571429,-0.261799388,15,40,35
0.375,0.375,-0.261799388,15,40,40
0.375,0.333333333,-0.261799388,15,40,45
0.333333333,15,-0.261799388,15,45,1
0.333333333,3,-0.261799388,15,45,5
0.333333333,1.5,-0.261799388,15,45,10
0.333333333,1,-0.261799388,15,45,15
0.333333333,0.75,-0.261799388,15,45,20
0.333333333,0.6,-0.261799388,15,45,25
0.333333333,0.5,-0.261799388,15,45,30
0.333333333,0.428571429,-0.261799388,15,45,35
0.333333333,0.375,-0.261799388,15,45,40
0.333333333,0.333333333,-0.261799388,15,45,45
20,20,-0.34906585,20,1,1
20,4,-0.34906585,20,1,5
20,2,-0.34906585,20,1,10
20,1.333333333,-0.34906585,20,1,15
20,1,-0.34906585,20,1,20
20,0.8,-0.34906585,20,1,25
20,0.666666667,-0.34906585,20,1,30
20,0.571428571,-0.34906585,20,1,35
20,0.5,-0.34906585,20,1,40
20,0.444444444,-0.34906585,20,1,45
4,20,-0.34906585,20,5,1
4,4,-0.34906585,20,5,5
4,2,-0.34906585,20,5,10
4,1.333333333,-0.34906585,20,5,15
4,1,-0.34906585,20,5,20
4,0.8,-0.34906585,20,5,25
4,0.666666667,-0.34906585,20,5,30
4,0.571428571,-0.34906585,20,5,35
4,0.5,-0.34906585,20,5,40
4,0.444444444,-0.34906585,20,5,45
2,20,-0.34906585,20,10,1
2,4,-0.34906585,20,10,5
2,2,-0.34906585,20,10,10
2,1.333333333,-0.34906585,20,10,15
2,1,-0.34906585,20,10,20
2,0.8,-0.34906585,20,10,25
2,0.666666667,-0.34906585,20,10,30
2,0.571428571,-0.34906585,20,10,35
2,0.5,-0.34906585,20,10,40
2,0.444444444,-0.34906585,20,10,45
1.333333333,20,-0.34906585,20,15,1
1.333333333,4,-0.34906585,20,15,5
1.333333333,2,-0.34906585,20,15,10
1.333333333,1.333333333,-0.34906585,20,15,15
1.333333333,1,-0.34906585,20,15,20
1.333333333,0.8,-0.34906585,20,15,25
1.333333333,0.666666667,-0.34906585,20,15,30
1.333333333,0.571428571,-0.34906585,20,15,35
1.333333333,0.5,-0.34906585,20,15,40
1.333333333,0.444444444,-0.34906585,20,15,45
1,20,-0.34906585,20,20,1
1,4,-0.34906585,20,20,5
1,2,-0.34906585,20,20,10
1,1.333333333,-0.34906585,20,20,15
1,1,-0.34906585,20,20,20
1,0.8,-0.34906585,20,20,25
1,0.666666667,-0.34906585,20,20,30
1,0.571428571,-0.34906585,20,20,35
1,0.5,-0.34906585,20,20,40
1,0.444444444,-0.34906585,20,20,45
0.8,20,-0.34906585,20,25,1
0.8,4,-0.34906585,20,25,5
0.8,2,-0.34906585,20,25,10
0.8,1.333333333,-0.34906585,20,25,15
0.8,1,-0.34906585,20,25,20
0.8,0.8,-0.34906585,20,25,25
0.8,0.666666667,-0.34906585,20,25,30
0.8,0.571428571,-0.34906585,20,25,35
0.8,0.5,-0.34906585,20,25,40
0.8,0.444444444,-0.34906585,20,25,45
0.666666667,20,-0.34906585,20,30,1
0.666666667,4,-0.34906585,20,30,5
0.666666667,2,-0.34906585,20,30,10
0.666666667,1.333333333,-0.34906585,20,30,15
0.666666667,1,-0.34906585,20,30,20
0.666666667,0.8,-0.34906585,20,30,25
0.666666667,0.666666667,-0.34906585,20,30,30
0.666666667,0.571428571,-0.34906585,20,30,35
0.666666667,0.5,-0.34906585,20,30,40
0.666666667,0.444444444,-0.34906585,20,30,45
0.571428571,20,-0.34906585,20,35,1
0.571428571,4,-0.34906585,20,35,5
0.571428571,2,-0.34906585,20,35,10
0.571428571,1.333333333,-0.34906585,20,35,15
0.571428571,1,-0.34906585,20,35,20
0.571428571,0.8,-0.34906585,20,35,25
0.571428571,0.666666667,-0.34906585,20,35,30
0.571428571,0.571428571,-0.34906585,20,35,35
0.571428571,0.5,-0.34906585,20,35,40
0.571428571,0.444444444,-0.34906585,20,35,45
0.5,20,-0.34906585,20,40,1
0.5,4,-0.34906585,20,40,5
0.5,2,-0.34906585,20,40,10
0.5,1.333333333,-0.34906585,20,40,15
0.5,1,-0.34906585,20,40,20
0.5,0.8,-0.34906585,20,40,25
0.5,0.666666667,-0.34906585,20,40,30
0.5,0.571428571,-0.34906585,20,40,35
0.5,0.5,-0.34906585,20,40,40
0.5,0.444444444,-0.34906585,20,40,45
0.444444444,20,-0.34906585,20,45,1
0.444444444,4,-0.34906585,20,45,5
0.444444444,2,-0.34906585,20,45,10
0.444444444,1.333333333,-0.34906585,20,45,15
0.444444444,1,-0.34906585,20,45,20
0.444444444,0.8,-0.34906585,20,45,25
0.444444444,0.666666667,-0.34906585,20,45,30
0.444444444,0.571428571,-0.34906585,20,45,35
0.444444444,0.5,-0.34906585,20,45,40
0.444444444,0.444444444,-0.34906585,20,45,45
25,25,-0.436332313,25,1,1
25,5,-0.436332313,25,1,5
25,2.5,-0.436332313,25,1,10
25,1.666666667,-0.436332313,25,1,15
25,1.25,-0.436332313,25,1,20
25,1,-0.436332313,25,1,25
25,0.833333333,-0.436332313,25,1,30
25,0.714285714,-0.436332313,25,1,35
25,0.625,-0.436332313,25,1,40
25,0.555555556,-0.436332313,25,1,45
5,25,-0.436332313,25,5,1
5,5,-0.436332313,25,5,5
5,2.5,-0.436332313,25,5,10
5,1.666666667,-0.436332313,25,5,15
5,1.25,-0.436332313,25,5,20
5,1,-0.436332313,25,5,25
5,0.833333333,-0.436332313,25,5,30
5,0.714285714,-0.436332313,25,5,35
5,0.625,-0.436332313,25,5,40
5,0.555555556,-0.436332313,25,5,45
2.5,25,-0.436332313,25,10,1
2.5,5,-0.436332313,25,10,5
2.5,2.5,-0.436332313,25,10,10
2.5,1.666666667,-0.436332313,25,10,15
2.5,1.25,-0.436332313,25,10,20
2.5,1,-0.436332313,25,10,25
2.5,0.833333333,-0.436332313,25,10,30
2.5,0.714285714,-0.436332313,25,10,35
2.5,0.625,-0.436332313,25,10,40
2.5,0.555555556,-0.436332313,25,10,45
1.666666667,25,-0.436332313,25,15,1
1.666666667,5,-0.436332313,25,15,5
1.666666667,2.5,-0.436332313,25,15,10
1.666666667,1.666666667,-0.436332313,25,15,15
1.666666667,1.25,-0.436332313,25,15,20
1.666666667,1,-0.436332313,25,15,25
1.666666667,0.833333333,-0.436332313,25,15,30
1.666666667,0.714285714,-0.436332313,25,15,35
1.666666667,0.625,-0.436332313,25,15,40
1.666666667,0.555555556,-0.436332313,25,15,45
1.25,25,-0.436332313,25,20,1
1.25,5,-0.436332313,25,20,5
1.25,2.5,-0.436332313,25,20,10
1.25,1.666666667,-0.436332313,25,20,15
1.25,1.25,-0.436332313,25,20,20
1.25,1,-0.436332313,25,20,25
1.25,0.833333333,-0.436332313,25,20,30
1.25,0.714285714,-0.436332313,25,20,35
1.25,0.625,-0.436332313,25,20,40
1.25,0.555555556,-0.436332313,25,20,45
1,25,-0.436332313,25,25,1
1,5,-0.436332313,25,25,5
1,2.5,-0.436332313,25,25,10
1,1.666666667,-0.436332313,25,25,15
1,1.25,-0.436332313,25,25,20
1,1,-0.436332313,25,25,25
1,0.833333333,-0.436332313,25,25,30
1,0.714285714,-0.436332313,25,25,35
1,0.625,-0.436332313,25,25,40
1,0.555555556,-0.436332313,25,25,45
0.833333333,25,-0.436332313,25,30,1
0.833333333,5,-0.436332313,25,30,5
0.833333333,2.5,-0.436332313,25,30,10
0.833333333,1.666666667,-0.436332313,25,30,15
0.833333333,1.25,-0.436332313,25,30,20
0.833333333,1,-0.436332313,25,30,25
0.833333333,0.833333333,-0.436332313,25,30,30
0.833333333,0.714285714,-0.436332313,25,30,35
0.833333333,0.625,-0.436332313,25,30,40
0.833333333,0.555555556,-0.436332313,25,30,45
0.714285714,25,-0.436332313,25,35,1
0.714285714,5,-0.436332313,25,35,5
0.714285714,2.5,-0.436332313,25,35,10
0.714285714,1.666666667,-0.436332313,25,35,15
0.714285714,1.25,-0.436332313,25,35,20
0.714285714,1,-0.436332313,25,35,25
0.714285714,0.833333333,-0.436332313,25,35,30
0.714285714,0.714285714,-0.436332313,25,35,35
0.714285714,0.625,-0.436332313,25,35,40
0.714285714,0.555555556,-0.436332313,25,35,45
0.625,25,-0.436332313,25,40,1
0.625,5,-0.436332313,25,40,5
0.625,2.5,-0.436332313,25,40,10
0.625,1.666666667,-0.436332313,25,40,15
0.625,1.25,-0.436332313,25,40,20
0.625,1,-0.436332313,25,40,25
0.625,0.833333333,-0.436332313,25,40,30
0.625,0.714285714,-0.436332313,25,40,35
0.625,0.625,-0.436332313,25,40,40
0.625,0.555555556,-0.436332313,25,40,45
0.555555556,25,-0.436332313,25,45,1
0.555555556,5,-0.436332313,25,45,5
0.555555556,2.5,-0.436332313,25,45,10
0.555555556,1.666666667,-0.436332313,25,45,15
0.555555556,1.25,-0.436332313,25,45,20
0.555555556,1,-0.436332313,25,45,25
0.555555556,0.833333333,-0.436332313,25,45,30
0.555555556,0.714285714,-0.436332313,25,45,35
0.555555556,0.625,-0.436332313,25,45,40
0.555555556,0.555555556,-0.436332313,25,45,45
30,30,-0.523598776,30,1,1
30,6,-0.523598776,30,1,5
30,3,-0.523598776,30,1,10
30,2,-0.523598776,30,1,15
30,1.5,-0.523598776,30,1,20
30,1.2,-0.523598776,30,1,25
30,1,-0.523598776,30,1,30
30,0.857142857,-0.523598776,30,1,35
30,0.75,-0.523598776,30,1,40
30,0.666666667,-0.523598776,30,1,45
6,30,-0.523598776,30,5,1
6,6,-0.523598776,30,5,5
6,3,-0.523598776,30,5,10
6,2,-0.523598776,30,5,15
6,1.5,-0.523598776,30,5,20
6,1.2,-0.523598776,30,5,25
6,1,-0.523598776,30,5,30
6,0.857142857,-0.523598776,30,5,35
6,0.75,-0.523598776,30,5,40
6,0.666666667,-0.523598776,30,5,45
3,30,-0.523598776,30,10,1
3,6,-0.523598776,30,10,5
3,3,-0.523598776,30,10,10
3,2,-0.523598776,30,10,15
3,1.5,-0.523598776,30,10,20
3,1.2,-0.523598776,30,10,25
3,1,-0.523598776,30,10,30
3,0.857142857,-0.523598776,30,10,35
3,0.75,-0.523598776,30,10,40
3,0.666666667,-0.523598776,30,10,45
2,30,-0.523598776,30,15,1
2,6,-0.523598776,30,15,5
2,3,-0.523598776,30,15,10
2,2,-0.523598776,30,15,15
2,1.5,-0.523598776,30,15,20
2,1.2,-0.523598776,30,15,25
2,1,-0.523598776,30,15,30
2,0.857142857,-0.523598776,30,15,35
2,0.75,-0.523598776,30,15,40
2,0.666666667,-0.523598776,30,15,45
1.5,30,-0.523598776,30,20,1
1.5,6,-0.523598776,30,20,5
1.5,3,-0.523598776,30,20,10
1.5,2,-0.523598776,30,20,15
1.5,1.5,-0.523598776,30,20,20
1.5,1.2,-0.523598776,30,20,25
1.5,1,-0.523598776,30,20,30
1.5,0.857142857,-0.523598776,30,20,35
1.5,0.75,-0.523598776,30,20,40
1.5,0.666666667,-0.523598776,30,20,45
1.2,30,-0.523598776,30,25,1
1.2,6,-0.523598776,30,25,5
1.2,3,-0.523598776,30,25,10
1.2,2,-0.523598776,30,25,15
1.2,1.5,-0.523598776,30,25,20
1.2,1.2,-0.523598776,30,25,25
1.2,1,-0.523598776,30,25,30
1.2,0.857142857,-0.523598776,30,25,35
1.2,0.75,-0.523598776,30,25,40
1.2,0.666666667,-0.523598776,30,25,45
1,30,-0.523598776,30,30,1
1,6,-0.523598776,30,30,5
1,3,-0.523598776,30,30,10
1,2,-0.523598776,30,30,15
1,1.5,-0.523598776,30,30,20
1,1.2,-0.523598776,30,30,25
1,1,-0.523598776,30,30,30
1,0.857142857,-0.523598776,30,30,35
1,0.75,-0.523598776,30,30,40
1,0.666666667,-0.523598776,30,30,45
0.857142857,30,-0.523598776,30,35,1
0.857142857,6,-0.523598776,30,35,5
0.857142857,3,-0.523598776,30,35,10
0.857142857,2,-0.523598776,30,35,15
0.857142857,1.5,-0.523598776,30,35,20
0.857142857,1.2,-0.523598776,30,35,25
0.857142857,1,-0.523598776,30,35,30
0.857142857,0.857142857,-0.523598776,30,35,35
0.857142857,0.75,-0.523598776,30,35,40
0.857142857,0.666666667,-0.523598776,30,35,45
0.75,30,-0.523598776,30,40,1
0.75,6,-0.523598776,30,40,5
0.75,3,-0.523598776,30,40,10
0.75,2,-0.523598776,30,40,15
0.75,1.5,-0.523598776,30,40,20
0.75,1.2,-0.523598776,30,40,25
0.75,1,-0.523598776,30,40,30
0.75,0.857142857,-0.523598776,30,40,35
0.75,0.75,-0.523598776,30,40,40
0.75,0.666666667,-0.523598776,30,40,45
0.666666667,30,-0.523598776,30,45,1
0.666666667,6,-0.523598776,30,45,5
0.666666667,3,-0.523598776,30,45,10
0.666666667,2,-0.523598776,30,45,15
0.666666667,1.5,-0.523598776,30,45,20
0.666666667,1.2,-0.523598776,30,45,25
0.666666667,1,-0.523598776,30,45,30
0.666666667,0.857142857,-0.523598776,30,45,35
0.666666667,0.75,-0.523598776,30,45,40
0.666666667,0.666666667,-0.523598776,30,45,45
35,35,-0.610865238,35,1,1
35,7,-0.610865238,35,1,5
35,3.5,-0.610865238,35,1,10
35,2.333333333,-0.610865238,35,1,15
35,1.75,-0.610865238,35,1,20
35,1.4,-0.610865238,35,1,25
35,1.166666667,-0.610865238,35,1,30
35,1,-0.610865238,35,1,35
35,0.875,-0.610865238,35,1,40
35,0.777777778,-0.610865238,35,1,45
7,35,-0.610865238,35,5,1
7,7,-0.610865238,35,5,5
7,3.5,-0.610865238,35,5,10
7,2.333333333,-0.610865238,35,5,15
7,1.75,-0.610865238,35,5,20
7,1.4,-0.610865238,35,5,25
7,1.166666667,-0.610865238,35,5,30
7,1,-0.610865238,35,5,35
7,0.875,-0.610865238,35,5,40
7,0.777777778,-0.610865238,35,5,45
3.5,35,-0.610865238,35,10,1
3.5,7,-0.610865238,35,10,5
3.5,3.5,-0.610865238,35,10,10
3.5,2.333333333,-0.610865238,35,10,15
3.5,1.75,-0.610865238,35,10,20
3.5,1.4,-0.610865238,35,10,25
3.5,1.166666667,-0.610865238,35,10,30
3.5,1,-0.610865238,35,10,35
3.5,0.875,-0.610865238,35,10,40
3.5,0.777777778,-0.610865238,35,10,45
2.333333333,35,-0.610865238,35,15,1
2.333333333,7,-0.610865238,35,15,5
2.333333333,3.5,-0.610865238,35,15,10
2.333333333,2.333333333,-0.610865238,35,15,15
2.333333333,1.75,-0.610865238,35,15,20
2.333333333,1.4,-0.610865238,35,15,25
2.333333333,1.166666667,-0.610865238,35,15,30
2.333333333,1,-0.610865238,35,15,35
2.333333333,0.875,-0.610865238,35,15,40
2.333333333,0.777777778,-0.610865238,35,15,45
1.75,35,-0.610865238,35,20,1
1.75,7,-0.610865238,35,20,5
1.75,3.5,-0.610865238,35,20,10
1.75,2.333333333,-0.610865238,35,20,15
1.75,1.75,-0.610865238,35,20,20
1.75,1.4,-0.610865238,35,20,25
1.75,1.166666667,-0.610865238,35,20,30
1.75,1,-0.610865238,35,20,35
1.75,0.875,-0.610865238,35,20,40
1.75,0.777777778,-0.610865238,35,20,45
1.4,35,-0.610865238,35,25,1
1.4,7,-0.610865238,35,25,5
1.4,3.5,-0.610865238,35,25,10
1.4,2.333333333,-0.610865238,35,25,15
1.4,1.75,-0.610865238,35,25,20
1.4,1.4,-0.610865238,35,25,25
1.4,1.166666667,-0.610865238,35,25,30
1.4,1,-0.610865238,35,25,35
1.4,0.875,-0.610865238,35,25,40
1.4,0.777777778,-0.610865238,35,25,45
1.166666667,35,-0.610865238,35,30,1
1.166666667,7,-0.610865238,35,30,5
1.166666667,3.5,-0.610865238,35,30,10
1.166666667,2.333333333,-0.610865238,35,30,15
1.166666667,1.75,-0.610865238,35,30,20
1.166666667,1.4,-0.610865238,35,30,25
1.166666667,1.166666667,-0.610865238,35,30,30
1.166666667,1,-0.610865238,35,30,35
1.166666667,0.875,-0.610865238,35,30,40
1.166666667,0.777777778,-0.610865238,35,30,45
1,35,-0.610865238,35,35,1
1,7,-0.610865238,35,35,5
1,3.5,-0.610865238,35,35,10
1,2.333333333,-0.610865238,35,35,15
1,1.75,-0.610865238,35,35,20
1,1.4,-0.610865238,35,35,25
1,1.166666667,-0.610865238,35,35,30
1,1,-0.610865238,35,35,35
1,0.875,-0.610865238,35,35,40
1,0.777777778,-0.610865238,35,35,45
0.875,35,-0.610865238,35,40,1
0.875,7,-0.610865238,35,40,5
0.875,3.5,-0.610865238,35,40,10
0.875,2.333333333,-0.610865238,35,40,15
0.875,1.75,-0.610865238,35,40,20
0.875,1.4,-0.610865238,35,40,25
0.875,1.166666667,-0.610865238,35,40,30
0.875,1,-0.610865238,35,40,35
0.875,0.875,-0.610865238,35,40,40
0.875,0.777777778,-0.610865238,35,40,45
0.777777778,35,-0.610865238,35,45,1
0.777777778,7,-0.610865238,35,45,5
0.777777778,3.5,-0.610865238,35,45,10
0.777777778,2.333333333,-0.610865238,35,45,15
0.777777778,1.75,-0.610865238,35,45,20
0.777777778,1.4,-0.610865238,35,45,25
0.777777778,1.166666667,-0.610865238,35,45,30
0.777777778,1,-0.610865238,35,45,35
0.777777778,0.875,-0.610865238,35,45,40
0.777777778,0.777777778,-0.610865238,35,45,45
40,40,-0.698131701,40,1,1
40,8,-0.698131701,40,1,5
40,4,-0.698131701,40,1,10
40,2.666666667,-0.698131701,40,1,15
40,2,-0.698131701,40,1,20
40,1.6,-0.698131701,40,1,25
40,1.333333333,-0.698131701,40,1,30
40,1.142857143,-0.698131701,40,1,35
40,1,-0.698131701,40,1,40
40,0.888888889,-0.698131701,40,1,45
8,40,-0.698131701,40,5,1
8,8,-0.698131701,40,5,5
8,4,-0.698131701,40,5,10
8,2.666666667,-0.698131701,40,5,15
8,2,-0.698131701,40,5,20
8,1.6,-0.698131701,40,5,25
8,1.333333333,-0.698131701,40,5,30
8,1.142857143,-0.698131701,40,5,35
8,1,-0.698131701,40,5,40
8,0.888888889,-0.698131701,40,5,45
4,40,-0.698131701,40,10,1
4,8,-0.698131701,40,10,5
4,4,-0.698131701,40,10,10
4,2.666666667,-0.698131701,40,10,15
4,2,-0.698131701,40,10,20
4,1.6,-0.698131701,40,10,25
4,1.333333333,-0.698131701,40,10,30
4,1.142857143,-0.698131701,40,10,35
4,1,-0.698131701,40,10,40
4,0.888888889,-0.698131701,40,10,45
2.666666667,40,-0.698131701,40,15,1
2.666666667,8,-0.698131701,40,15,5
2.666666667,4,-0.698131701,40,15,10
2.666666667,2.666666667,-0.698131701,40,15,15
2.666666667,2,-0.698131701,40,15,20
2.666666667,1.6,-0.698131701,40,15,25
2.666666667,1.333333333,-0.698131701,40,15,30
2.666666667,1.142857143,-0.698131701,40,15,35
2.666666667,1,-0.698131701,40,15,40
2.666666667,0.888888889,-0.698131701,40,15,45
2,40,-0.698131701,40,20,1
2,8,-0.698131701,40,20,5
2,4,-0.698131701,40,20,10
2,2.666666667,-0.698131701,40,20,15
2,2,-0.698131701,40,20,20
2,1.6,-0.698131701,40,20,25
2,1.333333333,-0.698131701,40,20,30
2,1.142857143,-0.698131701,40,20,35
2,1,-0.698131701,40,20,40
2,0.888888889,-0.698131701,40,20,45
1.6,40,-0.698131701,40,25,1
1.6,8,-0.698131701,40,25,5
1.6,4,-0.698131701,40,25,10
1.6,2.666666667,-0.698131701,40,25,15
1.6,2,-0.698131701,40,25,20
1.6,1.6,-0.698131701,40,25,25
1.6,1.333333333,-0.698131701,40,25,30
1.6,1.142857143,-0.698131701,40,25,35
1.6,1,-0.698131701,40,25,40
1.6,0.888888889,-0.698131701,40,25,45
1.333333333,40,-0.698131701,40,30,1
1.333333333,8,-0.698131701,40,30,5
1.333333333,4,-0.698131701,40,30,10
1.333333333,2.666666667,-0.698131701,40,30,15
1.333333333,2,-0.698131701,40,30,20
1.333333333,1.6,-0.698131701,40,30,25
1.333333333,1.333333333,-0.698131701,40,30,30
1.333333333,1.142857143,-0.698131701,40,30,35
1.333333333,1,-0.698131701,40,30,40
1.333333333,0.888888889,-0.698131701,40,30,45
1.142857143,40,-0.698131701,40,35,1
1.142857143,8,-0.698131701,40,35,5
1.142857143,4,-0.698131701,40,35,10
1.142857143,2.666666667,-0.698131701,40,35,15
1.142857143,2,-0.698131701,40,35,20
1.142857143,1.6,-0.698131701,40,35,25
1.142857143,1.333333333,-0.698131701,40,35,30
1.142857143,1.142857143,-0.698131701,40,35,35
1.142857143,1,-0.698131701,40,35,40
1.142857143,0.888888889,-0.698131701,40,35,45
1,40,-0.698131701,40,40,1
1,8,-0.698131701,40,40,5
1,4,-0.698131701,40,40,10
1,2.666666667,-0.698131701,40,40,15
1,2,-0.698131701,40,40,20
1,1.6,-0.698131701,40,40,25
1,1.333333333,-0.698131701,40,40,30
1,1.142857143,-0.698131701,40,40,35
1,1,-0.698131701,40,40,40
1,0.888888889,-0.698131701,40,40,45
0.888888889,40,-0.698131701,40,45,1
0.888888889,8,-0.698131701,40,45,5
0.888888889,4,-0.698131701,40,45,10
0.888888889,2.666666667,-0.698131701,40,45,15
0.888888889,2,-0.698131701,40,45,20
0.888888889,1.6,-0.698131701,40,45,25
0.888888889,1.333333333,-0.698131701,40,45,30
0.888888889,1.142857143,-0.698131701,40,45,35
0.888888889,1,-0.698131701,40,45,40
0.888888889,0.888888889,-0.698131701,40,45,45
45,45,-0.785398163,45,1,1
45,9,-0.785398163,45,1,5
45,4.5,-0.785398163,45,1,10
45,3,-0.785398163,45,1,15
45,2.25,-0.785398163,45,1,20
45,1.8,-0.785398163,45,1,25
45,1.5,-0.785398163,45,1,30
45,1.285714286,-0.785398163,45,1,35
45,1.125,-0.785398163,45,1,40
45,1,-0.785398163,45,1,45
9,45,-0.785398163,45,5,1
9,9,-0.785398163,45,5,5
9,4.5,-0.785398163,45,5,10
9,3,-0.785398163,45,5,15
9,2.25,-0.785398163,45,5,20
9,1.8,-0.785398163,45,5,25
9,1.5,-0.785398163,45,5,30
9,1.285714286,-0.785398163,45,5,35
9,1.125,-0.785398163,45,5,40
9,1,-0.785398163,45,5,45
4.5,45,-0.785398163,45,10,1
4.5,9,-0.785398163,45,10,5
4.5,4.5,-0.785398163,45,10,10
4.5,3,-0.785398163,45,10,15
4.5,2.25,-0.785398163,45,10,20
4.5,1.8,-0.785398163,45,10,25
4.5,1.5,-0.785398163,45,10,30
4.5,1.285714286,-0.785398163,45,10,35
4.5,1.125,-0.785398163,45,10,40
4.5,1,-0.785398163,45,10,45
3,45,-0.785398163,45,15,1
3,9,-0.785398163,45,15,5
3,4.5,-0.785398163,45,15,10
3,3,-0.785398163,45,15,15
3,2.25,-0.785398163,45,15,20
3,1.8,-0.785398163,45,15,25
3,1.5,-0.785398163,45,15,30
3,1.285714286,-0.785398163,45,15,35
3,1.125,-0.785398163,45,15,40
3,1,-0.785398163,45,15,45
2.25,45,-0.785398163,45,20,1
2.25,9,-0.785398163,45,20,5
2.25,4.5,-0.785398163,45,20,10
2.25,3,-0.785398163,45,20,15
2.25,2.25,-0.785398163,45,20,20
2.25,1.8,-0.785398163,45,20,25
2.25,1.5,-0.785398163,45,20,30
2.25,1.285714286,-0.785398163,45,20,35
2.25,1.125,-0.785398163,45,20,40
2.25,1,-0.785398163,45,20,45
1.8,45,-0.785398163,45,25,1
1.8,9,-0.785398163,45,25,5
1.8,4.5,-0.785398163,45,25,10
1.8,3,-0.785398163,45,25,15
1.8,2.25,-0.785398163,45,25,20
1.8,1.8,-0.785398163,45,25,25
1.8,1.5,-0.785398163,45,25,30
1.8,1.285714286,-0.785398163,45,25,35
1.8,1.125,-0.785398163,45,25,40
1.8,1,-0.785398163,45,25,45
1.5,45,-0.785398163,45,30,1
1.5,9,-0.785398163,45,30,5
1.5,4.5,-0.785398163,45,30,10
1.5,3,-0.785398163,45,30,15
1.5,2.25,-0.785398163,45,30,20
1.5,1.8,-0.785398163,45,30,25
1.5,1.5,-0.785398163,45,30,30
1.5,1.285714286,-0.785398163,45,30,35
1.5,1.125,-0.785398163,45,30,40
1.5,1,-0.785398163,45,30,45
1.285714286,45,-0.785398163,45,35,1
1.285714286,9,-0.785398163,45,35,5
1.285714286,4.5,-0.785398163,45,35,10
1.285714286,3,-0.785398163,45,35,15
1.285714286,2.25,-0.785398163,45,35,20
1.285714286,1.8,-0.785398163,45,35,25
1.285714286,1.5,-0.785398163,45,35,30
1.285714286,1.285714286,-0.785398163,45,35,35
1.285714286,1.125,-0.785398163,45,35,40
1.285714286,1,-0.785398163,45,35,45
1.125,45,-0.785398163,45,40,1
1.125,9,-0.785398163,45,40,5
1.125,4.5,-0.785398163,45,40,10
1.125,3,-0.785398163,45,40,15
1.125,2.25,-0.785398163,45,40,20
1.125,1.8,-0.785398163,45,40,25
1.125,1.5,-0.785398163,45,40,30
1.125,1.285714286,-0.785398163,45,40,35
1.125,1.125,-0.785398163,45,40,40
1.125,1,-0.785398163,45,40,45
1,45,-0.785398163,45,45,1
1,9,-0.785398163,45,45,5
1,4.5,-0.785398163,45,45,10
1,3,-0.785398163,45,45,15
1,2.25,-0.785398163,45,45,20
1,1.8,-0.785398163,45,45,25
1,1.5,-0.785398163,45,45,30
1,1.285714286,-0.785398163,45,45,35
1,1.125,-0.785398163,45,45,40
1,1,-0.785398163,45,45,45
50,50,-0.872664626,50,1,1
50,10,-0.872664626,50,1,5
50,5,-0.872664626,50,1,10
50,3.333333333,-0.872664626,50,1,15
50,2.5,-0.872664626,50,1,20
50,2,-0.872664626,50,1,25
50,1.666666667,-0.872664626,50,1,30
50,1.428571429,-0.872664626,50,1,35
50,1.25,-0.872664626,50,1,40
50,1.111111111,-0.872664626,50,1,45
10,50,-0.872664626,50,5,1
10,10,-0.872664626,50,5,5
10,5,-0.872664626,50,5,10
10,3.333333333,-0.872664626,50,5,15
10,2.5,-0.872664626,50,5,20
10,2,-0.872664626,50,5,25
10,1.666666667,-0.872664626,50,5,30
10,1.428571429,-0.872664626,50,5,35
10,1.25,-0.872664626,50,5,40
10,1.111111111,-0.872664626,50,5,45
5,50,-0.872664626,50,10,1
5,10,-0.872664626,50,10,5
5,5,-0.872664626,50,10,10
5,3.333333333,-0.872664626,50,10,15
5,2.5,-0.872664626,50,10,20
5,2,-0.872664626,50,10,25
5,1.666666667,-0.872664626,50,10,30
5,1.428571429,-0.872664626,50,10,35
5,1.25,-0.872664626,50,10,40
5,1.111111111,-0.872664626,50,10,45
3.333333333,50,-0.872664626,50,15,1
3.333333333,10,-0.872664626,50,15,5
3.333333333,5,-0.872664626,50,15,10
3.333333333,3.333333333,-0.872664626,50,15,15
3.333333333,2.5,-0.872664626,50,15,20
3.333333333,2,-0.872664626,50,15,25
3.333333333,1.666666667,-0.872664626,50,15,30
3.333333333,1.428571429,-0.872664626,50,15,35
3.333333333,1.25,-0.872664626,50,15,40
3.333333333,1.111111111,-0.872664626,50,15,45
2.5,50,-0.872664626,50,20,1
2.5,10,-0.872664626,50,20,5
2.5,5,-0.872664626,50,20,10
2.5,3.333333333,-0.872664626,50,20,15
2.5,2.5,-0.872664626,50,20,20
2.5,2,-0.872664626,50,20,25
2.5,1.666666667,-0.872664626,50,20,30
2.5,1.428571429,-0.872664626,50,20,35
2.5,1.25,-0.872664626,50,20,40
2.5,1.111111111,-0.872664626,50,20,45
2,50,-0.872664626,50,25,1
2,10,-0.872664626,50,25,5
2,5,-0.872664626,50,25,10
2,3.333333333,-0.872664626,50,25,15
2,2.5,-0.872664626,50,25,20
2,2,-0.872664626,50,25,25
2,1.666666667,-0.872664626,50,25,30
2,1.428571429,-0.872664626,50,25,35
2,1.25,-0.872664626,50,25,40
2,1.111111111,-0.872664626,50,25,45
1.666666667,50,-0.872664626,50,30,1
1.666666667,10,-0.872664626,50,30,5
1.666666667,5,-0.872664626,50,30,10
1.666666667,3.333333333,-0.872664626,50,30,15
1.666666667,2.5,-0.872664626,50,30,20
1.666666667,2,-0.872664626,50,30,25
1.666666667,1.666666667,-0.872664626,50,30,30
1.666666667,1.428571429,-0.872664626,50,30,35
1.666666667,1.25,-0.872664626,50,30,40
1.666666667,1.111111111,-0.872664626,50,30,45
1.428571429,50,-0.872664626,50,35,1
1.428571429,10,-0.872664626,50,35,5
1.428571429,5,-0.872664626,50,35,10
1.428571429,3.333333333,-0.872664626,50,35,15
1.428571429,2.5,-0.872664626,50,35,20
1.428571429,2,-0.872664626,50,35,25
1.428571429,1.666666667,-0.872664626,50,35,30
1.428571429,1.428571429,-0.872664626,50,35,35
1.428571429,1.25,-0.872664626,50,35,40
1.428571429,1.111111111,-0.872664626,50,35,45
1.25,50,-0.872664626,50,40,1
1.25,10,-0.872664626,50,40,5
1.25,5,-0.872664626,50,40,10
1.25,3.333333333,-0.872664626,50,40,15
1.25,2.5,-0.872664626,50,40,20
1.25,2,-0.872664626,50,40,25
1.25,1.666666667,-0.872664626,50,40,30
1.25,1.428571429,-0.872664626,50,40,35
1.25,1.25,-0.872664626,50,40,40
1.25,1.111111111,-0.872664626,50,40,45
1.111111111,50,-0.872664626,50,45,1
1.111111111,10,-0.872664626,50,45,5
1.111111111,5,-0.872664626,50,45,10
1.111111111,3.333333333,-0.872664626,50,45,15
1.111111111,2.5,-0.872664626,50,45,20
1.111111111,2,-0.872664626,50,45,25
1.111111111,1.666666667,-0.872664626,50,45,30
1.111111111,1.428571429,-0.872664626,50,45,35
1.111111111,1.25,-0.872664626,50,45,40
1.111111111,1.111111111,-0.872664626,50,45,45
55,55,-0.959931089,55,1,1
55,11,-0.959931089,55,1,5
55,5.5,-0.959931089,55,1,10
55,3.666666667,-0.959931089,55,1,15
55,2.75,-0.959931089,55,1,20
55,2.2,-0.959931089,55,1,25
55,1.833333333,-0.959931089,55,1,30
55,1.571428571,-0.959931089,55,1,35
55,1.375,-0.959931089,55,1,40
55,1.222222222,-0.959931089,55,1,45
11,55,-0.959931089,55,5,1
11,11,-0.959931089,55,5,5
11,5.5,-0.959931089,55,5,10
11,3.666666667,-0.959931089,55,5,15
11,2.75,-0.959931089,55,5,20
11,2.2,-0.959931089,55,5,25
11,1.833333333,-0.959931089,55,5,30
11,1.571428571,-0.959931089,55,5,35
11,1.375,-0.959931089,55,5,40
11,1.222222222,-0.959931089,55,5,45
5.5,55,-0.959931089,55,10,1
5.5,11,-0.959931089,55,10,5
5.5,5.5,-0.959931089,55,10,10
5.5,3.666666667,-0.959931089,55,10,15
5.5,2.75,-0.959931089,55,10,20
5.5,2.2,-0.959931089,55,10,25
5.5,1.833333333,-0.959931089,55,10,30
5.5,1.571428571,-0.959931089,55,10,35
5.5,1.375,-0.959931089,55,10,40
5.5,1.222222222,-0.959931089,55,10,45
3.666666667,55,-0.959931089,55,15,1
3.666666667,11,-0.959931089,55,15,5
3.666666667,5.5,-0.959931089,55,15,10
3.666666667,3.666666667,-0.959931089,55,15,15
3.666666667,2.75,-0.959931089,55,15,20
3.666666667,2.2,-0.959931089,55,15,25
3.666666667,1.833333333,-0.959931089,55,15,30
3.666666667,1.571428571,-0.959931089,55,15,35
3.666666667,1.375,-0.959931089,55,15,40
3.666666667,1.222222222,-0.959931089,55,15,45
2.75,55,-0.959931089,55,20,1
2.75,11,-0.959931089,55,20,5
2.75,5.5,-0.959931089,55,20,10
2.75,3.666666667,-0.959931089,55,20,15
2.75,2.75,-0.959931089,55,20,20
2.75,2.2,-0.959931089,55,20,25
2.75,1.833333333,-0.959931089,55,20,30
2.75,1.571428571,-0.959931089,55,20,35
2.75,1.375,-0.959931089,55,20,40
2.75,1.222222222,-0.959931089,55,20,45
2.2,55,-0.959931089,55,25,1
2.2,11,-0.959931089,55,25,5
2.2,5.5,-0.959931089,55,25,10
2.2,3.666666667,-0.959931089,55,25,15
2.2,2.75,-0.959931089,55,25,20
2.2,2.2,-0.959931089,55,25,25
2.2,1.833333333,-0.959931089,55,25,30
2.2,1.571428571,-0.959931089,55,25,35
2.2,1.375,-0.959931089,55,25,40
2.2,1.222222222,-0.959931089,55,25,45
1.833333333,55,-0.959931089,55,30,1
1.833333333,11,-0.959931089,55,30,5
1.833333333,5.5,-0.959931089,55,30,10
1.833333333,3.666666667,-0.959931089,55,30,15
1.833333333,2.75,-0.959931089,55,30,20
1.833333333,2.2,-0.959931089,55,30,25
1.833333333,1.833333333,-0.959931089,55,30,30
1.833333333,1.571428571,-0.959931089,55,30,35
1.833333333,1.375,-0.959931089,55,30,40
1.833333333,1.222222222,-0.959931089,55,30,45
1.571428571,55,-0.959931089,55,35,1
1.571428571,11,-0.959931089,55,35,5
1.571428571,5.5,-0.959931089,55,35,10
1.571428571,3.666666667,-0.959931089,55,35,15
1.571428571,2.75,-0.959931089,55,35,20
1.571428571,2.2,-0.959931089,55,35,25
1.571428571,1.833333333,-0.959931089,55,35,30
1.571428571,1.571428571,-0.959931089,55,35,35
1.571428571,1.375,-0.959931089,55,35,40
1.571428571,1.222222222,-0.959931089,55,35,45
1.375,55,-0.959931089,55,40,1
1.375,11,-0.959931089,55,40,5
1.375,5.5,-0.959931089,55,40,10
1.375,3.666666667,-0.959931089,55,40,15
1.375,2.75,-0.959931089,55,40,20
1.375,2.2,-0.959931089,55,40,25
1.375,1.833333333,-0.959931089,55,40,30
1.375,1.571428571,-0.959931089,55,40,35
1.375,1.375,-0.959931089,55,40,40
1.375,1.222222222,-0.959931089,55,40,45
1.222222222,55,-0.959931089,55,45,1
1.222222222,11,-0.959931089,55,45,5
1.222222222,5.5,-0.959931089,55,45,10
1.222222222,3.666666667,-0.959931089,55,45,15
1.222222222,2.75,-0.959931089,55,45,20
1.222222222,2.2,-0.959931089,55,45,25
1.222222222,1.833333333,-0.959931089,55,45,30
1.222222222,1.571428571,-0.959931089,55,45,35
1.222222222,1.375,-0.959931089,55,45,40
1.222222222,1.222222222,-0.959931089,55,45,45
60,60,-1.047197551,60,1,1
60,12,-1.047197551,60,1,5
60,6,-1.047197551,60,1,10
60,4,-1.047197551,60,1,15
60,3,-1.047197551,60,1,20
60,2.4,-1.047197551,60,1,25
60,2,-1.047197551,60,1,30
60,1.714285714,-1.047197551,60,1,35
60,1.5,-1.047197551,60,1,40
60,1.333333333,-1.047197551,60,1,45
12,60,-1.047197551,60,5,1
12,12,-1.047197551,60,5,5
12,6,-1.047197551,60,5,10
12,4,-1.047197551,60,5,15
12,3,-1.047197551,60,5,20
12,2.4,-1.047197551,60,5,25
12,2,-1.047197551,60,5,30
12,1.714285714,-1.047197551,60,5,35
12,1.5,-1.047197551,60,5,40
12,1.333333333,-1.047197551,60,5,45
6,60,-1.047197551,60,10,1
6,12,-1.047197551,60,10,5
6,6,-1.047197551,60,10,10
6,4,-1.047197551,60,10,15
6,3,-1.047197551,60,10,20
6,2.4,-1.047197551,60,10,25
6,2,-1.047197551,60,10,30
6,1.714285714,-1.047197551,60,10,35
6,1.5,-1.047197551,60,10,40
6,1.333333333,-1.047197551,60,10,45
4,60,-1.047197551,60,15,1
4,12,-1.047197551,60,15,5
4,6,-1.047197551,60,15,10
4,4,-1.047197551,60,15,15
4,3,-1.047197551,60,15,20
4,2.4,-1.047197551,60,15,25
4,2,-1.047197551,60,15,30
4,1.714285714,-1.047197551,60,15,35
4,1.5,-1.047197551,60,15,40
4,1.333333333,-1.047197551,60,15,45
3,60,-1.047197551,60,20,1
3,12,-1.047197551,60,20,5
3,6,-1.047197551,60,20,10
3,4,-1.047197551,60,20,15
3,3,-1.047197551,60,20,20
3,2.4,-1.047197551,60,20,25
3,2,-1.047197551,60,20,30
3,1.714285714,-1.047197551,60,20,35
3,1.5,-1.047197551,60,20,40
3,1.333333333,-1.047197551,60,20,45
2.4,60,-1.047197551,60,25,1
2.4,12,-1.047197551,60,25,5
2.4,6,-1.047197551,60,25,10
2.4,4,-1.047197551,60,25,15
2.4,3,-1.047197551,60,25,20
2.4,2.4,-1.047197551,60,25,25
2.4,2,-1.047197551,60,25,30
2.4,1.714285714,-1.047197551,60,25,35
2.4,1.5,-1.047197551,60,25,40
2.4,1.333333333,-1.047197551,60,25,45
2,60,-1.047197551,60,30,1
2,12,-1.047197551,60,30,5
2,6,-1.047197551,60,30,10
2,4,-1.047197551,60,30,15
2,3,-1.047197551,60,30,20
2,2.4,-1.047197551,60,30,25
2,2,-1.047197551,60,30,30
2,1.714285714,-1.047197551,60,30,35
2,1.5,-1.047197551,60,30,40
2,1.333333333,-1.047197551,60,30,45
1.714285714,60,-1.047197551,60,35,1
1.714285714,12,-1.047197551,60,35,5
1.714285714,6,-1.047197551,60,35,10
1.714285714,4,-1.047197551,60,35,15
1.714285714,3,-1.047197551,60,35,20
1.714285714,2.4,-1.047197551,60,35,25
1.714285714,2,-1.047197551,60,35,30
1.714285714,1.714285714,-1.047197551,60,35,35
1.714285714,1.5,-1.047197551,60,35,40
1.714285714,1.333333333,-1.047197551,60,35,45
1.5,60,-1.047197551,60,40,1
1.5,12,-1.047197551,60,40,5
1.5,6,-1.047197551,60,40,10
1.5,4,-1.047197551,60,40,15
1.5,3,-1.047197551,60,40,20
1.5,2.4,-1.047197551,60,40,25
1.5,2,-1.047197551,60,40,30
1.5,1.714285714,-1.047197551,60,40,35
1.5,1.5,-1.047197551,60,40,40
1.5,1.333333333,-1.047197551,60,40,45
1.333333333,60,-1.047197551,60,45,1
1.333333333,12,-1.047197551,60,45,5
1.333333333,6,-1.047197551,60,45,10
1.333333333,4,-1.047197551,60,45,15
1.333333333,3,-1.047197551,60,45,20
1.333333333,2.4,-1.047197551,60,45,25
1.333333333,2,-1.047197551,60,45,30
1.333333333,1.714285714,-1.047197551,60,45,35
1.333333333,1.5,-1.047197551,60,45,40
1.333333333,1.333333333,-1.047197551,60,45,45
65,65,-1.134464014,65,1,1
65,13,-1.134464014,65,1,5
65,6.5,-1.134464014,65,1,10
65,4.333333333,-1.134464014,65,1,15
65,3.25,-1.134464014,65,1,20
65,2.6,-1.134464014,65,1,25
65,2.166666667,-1.134464014,65,1,30
65,1.857142857,-1.134464014,65,1,35
65,1.625,-1.134464014,65,1,40
65,1.444444444,-1.134464014,65,1,45
13,65,-1.134464014,65,5,1
13,13,-1.134464014,65,5,5
13,6.5,-1.134464014,65,5,10
13,4.333333333,-1.134464014,65,5,15
13,3.25,-1.134464014,65,5,20
13,2.6,-1.134464014,65,5,25
13,2.166666667,-1.134464014,65,5,30
13,1.857142857,-1.134464014,65,5,35
13,1.625,-1.134464014,65,5,40
13,1.444444444,-1.134464014,65,5,45
6.5,65,-1.134464014,65,10,1
6.5,13,-1.134464014,65,10,5
6.5,6.5,-1.134464014,65,10,10
6.5,4.333333333,-1.134464014,65,10,15
6.5,3.25,-1.134464014,65,10,20
6.5,2.6,-1.134464014,65,10,25
6.5,2.166666667,-1.134464014,65,10,30
6.5,1.857142857,-1.134464014,65,10,35
6.5,1.625,-1.134464014,65,10,40
6.5,1.444444444,-1.134464014,65,10,45
4.333333333,65,-1.134464014,65,15,1
4.333333333,13,-1.134464014,65,15,5
4.333333333,6.5,-1.134464014,65,15,10
4.333333333,4.333333333,-1.134464014,65,15,15
4.333333333,3.25,-1.134464014,65,15,20
4.333333333,2.6,-1.134464014,65,15,25
4.333333333,2.166666667,-1.134464014,65,15,30
4.333333333,1.857142857,-1.134464014,65,15,35
4.333333333,1.625,-1.134464014,65,15,40
4.333333333,1.444444444,-1.134464014,65,15,45
3.25,65,-1.134464014,65,20,1
3.25,13,-1.134464014,65,20,5
3.25,6.5,-1.134464014,65,20,10
3.25,4.333333333,-1.134464014,65,20,15
3.25,3.25,-1.134464014,65,20,20
3.25,2.6,-1.134464014,65,20,25
3.25,2.166666667,-1.134464014,65,20,30
3.25,1.857142857,-1.134464014,65,20,35
3.25,1.625,-1.134464014,65,20,40
3.25,1.444444444,-1.134464014,65,20,45
2.6,65,-1.134464014,65,25,1
2.6,13,-1.134464014,65,25,5
2.6,6.5,-1.134464014,65,25,10
2.6,4.333333333,-1.134464014,65,25,15
2.6,3.25,-1.134464014,65,25,20
2.6,2.6,-1.134464014,65,25,25
2.6,2.166666667,-1.134464014,65,25,30
2.6,1.857142857,-1.134464014,65,25,35
2.6,1.625,-1.134464014,65,25,40
2.6,1.444444444,-1.134464014,65,25,45
2.166666667,65,-1.134464014,65,30,1
2.166666667,13,-1.134464014,65,30,5
2.166666667,6.5,-1.134464014,65,30,10
2.166666667,4.333333333,-1.134464014,65,30,15
2.166666667,3.25,-1.134464014,65,30,20
2.166666667,2.6,-1.134464014,65,30,25
2.166666667,2.166666667,-1.134464014,65,30,30
2.166666667,1.857142857,-1.134464014,65,30,35
2.166666667,1.625,-1.134464014,65,30,40
2.166666667,1.444444444,-1.134464014,65,30,45
1.857142857,65,-1.134464014,65,35,1
1.857142857,13,-1.134464014,65,35,5
1.857142857,6.5,-1.134464014,65,35,10
1.857142857,4.333333333,-1.134464014,65,35,15
1.857142857,3.25,-1.134464014,65,35,20
1.857142857,2.6,-1.134464014,65,35,25
1.857142857,2.166666667,-1.134464014,65,35,30
1.857142857,1.857142857,-1.134464014,65,35,35
1.857142857,1.625,-1.134464014,65,35,40
1.857142857,1.444444444,-1.134464014,65,35,45
1.625,65,-1.134464014,65,40,1
1.625,13,-1.134464014,65,40,5
1.625,6.5,-1.134464014,65,40,10
1.625,4.333333333,-1.134464014,65,40,15
1.625,3.25,-1.134464014,65,40,20
1.625,2.6,-1.134464014,65,40,25
1.625,2.166666667,-1.134464014,65,40,30
1.625,1.857142857,-1.134464014,65,40,35
1.625,1.625,-1.134464014,65,40,40
1.625,1.444444444,-1.134464014,65,40,45
1.444444444,65,-1.134464014,65,45,1
1.444444444,13,-1.134464014,65,45,5
1.444444444,6.5,-1.134464014,65,45,10
1.444444444,4.333333333,-1.134464014,65,45,15
1.444444444,3.25,-1.134464014,65,45,20
1.444444444,2.6,-1.134464014,65,45,25
1.444444444,2.166666667,-1.134464014,65,45,30
1.444444444,1.857142857,-1.134464014,65,45,35
1.444444444,1.625,-1.134464014,65,45,40
1.444444444,1.444444444,-1.134464014,65,45,45
70,70,-1.221730476,70,1,1
70,14,-1.221730476,70,1,5
70,7,-1.221730476,70,1,10
70,4.666666667,-1.221730476,70,1,15
70,3.5,-1.221730476,70,1,20
70,2.8,-1.221730476,70,1,25
70,2.333333333,-1.221730476,70,1,30
70,2,-1.221730476,70,1,35
70,1.75,-1.221730476,70,1,40
70,1.555555556,-1.221730476,70,1,45
14,70,-1.221730476,70,5,1
14,14,-1.221730476,70,5,5
14,7,-1.221730476,70,5,10
14,4.666666667,-1.221730476,70,5,15
14,3.5,-1.221730476,70,5,20
14,2.8,-1.221730476,70,5,25
14,2.333333333,-1.221730476,70,5,30
14,2,-1.221730476,70,5,35
14,1.75,-1.221730476,70,5,40
14,1.555555556,-1.221730476,70,5,45
7,70,-1.221730476,70,10,1
7,14,-1.221730476,70,10,5
7,7,-1.221730476,70,10,10
7,4.666666667,-1.221730476,70,10,15
7,3.5,-1.221730476,70,10,20
7,2.8,-1.221730476,70,10,25
7,2.333333333,-1.221730476,70,10,30
7,2,-1.221730476,70,10,35
7,1.75,-1.221730476,70,10,40
7,1.555555556,-1.221730476,70,10,45
4.666666667,70,-1.221730476,70,15,1
4.666666667,14,-1.221730476,70,15,5
4.666666667,7,-1.221730476,70,15,10
4.666666667,4.666666667,-1.221730476,70,15,15
4.666666667,3.5,-1.221730476,70,15,20
4.666666667,2.8,-1.221730476,70,15,25
4.666666667,2.333333333,-1.221730476,70,15,30
4.666666667,2,-1.221730476,70,15,35
4.666666667,1.75,-1.221730476,70,15,40
4.666666667,1.555555556,-1.221730476,70,15,45
3.5,70,-1.221730476,70,20,1
3.5,14,-1.221730476,70,20,5
3.5,7,-1.221730476,70,20,10
3.5,4.666666667,-1.221730476,70,20,15
3.5,3.5,-1.221730476,70,20,20
3.5,2.8,-1.221730476,70,20,25
3.5,2.333333333,-1.221730476,70,20,30
3.5,2,-1.221730476,70,20,35
3.5,1.75,-1.221730476,70,20,40
3.5,1.555555556,-1.221730476,70,20,45
2.8,70,-1.221730476,70,25,1
2.8,14,-1.221730476,70,25,5
2.8,7,-1.221730476,70,25,10
2.8,4.666666667,-1.221730476,70,25,15
2.8,3.5,-1.221730476,70,25,20
2.8,2.8,-1.221730476,70,25,25
2.8,2.333333333,-1.221730476,70,25,30
2.8,2,-1.221730476,70,25,35
2.8,1.75,-1.221730476,70,25,40
2.8,1.555555556,-1.221730476,70,25,45
2.333333333,70,-1.221730476,70,30,1
2.333333333,14,-1.221730476,70,30,5
2.333333333,7,-1.221730476,70,30,10
2.333333333,4.666666667,-1.221730476,70,30,15
2.333333333,3.5,-1.221730476,70,30,20
2.333333333,2.8,-1.221730476,70,30,25
2.333333333,2.333333333,-1.221730476,70,30,30
2.333333333,2,-1.221730476,70,30,35
2.333333333,1.75,-1.221730476,70,30,40
2.333333333,1.555555556,-1.221730476,70,30,45
2,70,-1.221730476,70,35,1
2,14,-1.221730476,70,35,5
2,7,-1.221730476,70,35,10
2,4.666666667,-1.221730476,70,35,15
2,3.5,-1.221730476,70,35,20
2,2.8,-1.221730476,70,35,25
2,2.333333333,-1.221730476,70,35,30
2,2,-1.221730476,70,35,35
2,1.75,-1.221730476,70,35,40
2,1.555555556,-1.221730476,70,35,45
1.75,70,-1.221730476,70,40,1
1.75,14,-1.221730476,70,40,5
1.75,7,-1.221730476,70,40,10
1.75,4.666666667,-1.221730476,70,40,15
1.75,3.5,-1.221730476,70,40,20
1.75,2.8,-1.221730476,70,40,25
1.75,2.333333333,-1.221730476,70,40,30
1.75,2,-1.221730476,70,40,35
1.75,1.75,-1.221730476,70,40,40
1.75,1.555555556,-1.221730476,70,40,45
1.555555556,70,-1.221730476,70,45,1
1.555555556,14,-1.221730476,70,45,5
1.555555556,7,-1.221730476,70,45,10
1.555555556,4.666666667,-1.221730476,70,45,15
1.555555556,3.5,-1.221730476,70,45,20
1.555555556,2.8,-1.221730476,70,45,25
1.555555556,2.333333333,-1.221730476,70,45,30
1.555555556,2,-1.221730476,70,45,35
1.555555556,1.75,-1.221730476,70,45,40
1.555555556,1.555555556,-1.221730476,70,45,45
75,75,-1.308996939,75,1,1
75,15,-1.308996939,75,1,5
75,7.5,-1.308996939,75,1,10
75,5,-1.308996939,75,1,15
75,3.75,-1.308996939,75,1,20
75,3,-1.308996939,75,1,25
75,2.5,-1.308996939,75,1,30
75,2.142857143,-1.308996939,75,1,35
75,1.875,-1.308996939,75,1,40
75,1.666666667,-1.308996939,75,1,45
15,75,-1.308996939,75,5,1
15,15,-1.308996939,75,5,5
15,7.5,-1.308996939,75,5,10
15,5,-1.308996939,75,5,15
15,3.75,-1.308996939,75,5,20
15,3,-1.308996939,75,5,25
15,2.5,-1.308996939,75,5,30
15,2.142857143,-1.308996939,75,5,35
15,1.875,-1.308996939,75,5,40
15,1.666666667,-1.308996939,75,5,45
7.5,75,-1.308996939,75,10,1
7.5,15,-1.308996939,75,10,5
7.5,7.5,-1.308996939,75,10,10
7.5,5,-1.308996939,75,10,15
7.5,3.75,-1.308996939,75,10,20
7.5,3,-1.308996939,75,10,25
7.5,2.5,-1.308996939,75,10,30
7.5,2.142857143,-1.308996939,75,10,35
7.5,1.875,-1.308996939,75,10,40
7.5,1.666666667,-1.308996939,75,10,45
5,75,-1.308996939,75,15,1
5,15,-1.308996939,75,15,5
5,7.5,-1.308996939,75,15,10
5,5,-1.308996939,75,15,15
5,3.75,-1.308996939,75,15,20
5,3,-1.308996939,75,15,25
5,2.5,-1.308996939,75,15,30
5,2.142857143,-1.308996939,75,15,35
5,1.875,-1.308996939,75,15,40
5,1.666666667,-1.308996939,75,15,45
3.75,75,-1.308996939,75,20,1
3.75,15,-1.308996939,75,20,5
3.75,7.5,-1.308996939,75,20,10
3.75,5,-1.308996939,75,20,15
3.75,3.75,-1.308996939,75,20,20
3.75,3,-1.308996939,75,20,25
3.75,2.5,-1.308996939,75,20,30
3.75,2.142857143,-1.308996939,75,20,35
3.75,1.875,-1.308996939,75,20,40
3.75,1.666666667,-1.308996939,75,20,45
3,75,-1.308996939,75,25,1
3,15,-1.308996939,75,25,5
3,7.5,-1.308996939,75,25,10
3,5,-1.308996939,75,25,15
3,3.75,-1.308996939,75,25,20
3,3,-1.308996939,75,25,25
3,2.5,-1.308996939,75,25,30
3,2.142857143,-1.308996939,75,25,35
3,1.875,-1.308996939,75,25,40
3,1.666666667,-1.308996939,75,25,45
2.5,75,-1.308996939,75,30,1
2.5,15,-1.308996939,75,30,5
2.5,7.5,-1.308996939,75,30,10
2.5,5,-1.308996939,75,30,15
2.5,3.75,-1.308996939,75,30,20
2.5,3,-1.308996939,75,30,25
2.5,2.5,-1.308996939,75,30,30
2.5,2.142857143,-1.308996939,75,30,35
2.5,1.875,-1.308996939,75,30,40
2.5,1.666666667,-1.308996939,75,30,45
2.142857143,75,-1.308996939,75,35,1
2.142857143,15,-1.308996939,75,35,5
2.142857143,7.5,-1.308996939,75,35,10
2.142857143,5,-1.308996939,75,35,15
2.142857143,3.75,-1.308996939,75,35,20
2.142857143,3,-1.308996939,75,35,25
2.142857143,2.5,-1.308996939,75,35,30
2.142857143,2.142857143,-1.308996939,75,35,35
2.142857143,1.875,-1.308996939,75,35,40
2.142857143,1.666666667,-1.308996939,75,35,45
1.875,75,-1.308996939,75,40,1
1.875,15,-1.308996939,75,40,5
1.875,7.5,-1.308996939,75,40,10
1.875,5,-1.308996939,75,40,15
1.875,3.75,-1.308996939,75,40,20
1.875,3,-1.308996939,75,40,25
1.875,2.5,-1.308996939,75,40,30
1.875,2.142857143,-1.308996939,75,40,35
1.875,1.875,-1.308996939,75,40,40
1.875,1.666666667,-1.308996939,75,40,45
1.666666667,75,-1.308996939,75,45,1
1.666666667,15,-1.308996939,75,45,5
1.666666667,7.5,-1.308996939,75,45,10
1.666666667,5,-1.308996939,75,45,15
1.666666667,3.75,-1.308996939,75,45,20
1.666666667,3,-1.308996939,75,45,25
1.666666667,2.5,-1.308996939,75,45,30
1.666666667,2.142857143,-1.308996939,75,45,35
1.666666667,1.875,-1.308996939,75,45,40
1.666666667,1.666666667,-1.308996939,75,45,45
80,80,-1.396263402,80,1,1
80,16,-1.396263402,80,1,5
80,8,-1.396263402,80,1,10
80,5.333333333,-1.396263402,80,1,15
80,4,-1.396263402,80,1,20
80,3.2,-1.396263402,80,1,25
80,2.666666667,-1.396263402,80,1,30
80,2.285714286,-1.396263402,80,1,35
80,2,-1.396263402,80,1,40
80,1.777777778,-1.396263402,80,1,45
16,80,-1.396263402,80,5,1
16,16,-1.396263402,80,5,5
16,8,-1.396263402,80,5,10
16,5.333333333,-1.396263402,80,5,15
16,4,-1.396263402,80,5,20
16,3.2,-1.396263402,80,5,25
16,2.666666667,-1.396263402,80,5,30
16,2.285714286,-1.396263402,80,5,35
16,2,-1.396263402,80,5,40
16,1.777777778,-1.396263402,80,5,45
8,80,-1.396263402,80,10,1
8,16,-1.396263402,80,10,5
8,8,-1.396263402,80,10,10
8,5.333333333,-1.396263402,80,10,15
8,4,-1.396263402,80,10,20
8,3.2,-1.396263402,80,10,25
8,2.666666667,-1.396263402,80,10,30
8,2.285714286,-1.396263402,80,10,35
8,2,-1.396263402,80,10,40
8,1.777777778,-1.396263402,80,10,45
5.333333333,80,-1.396263402,80,15,1
5.333333333,16,-1.396263402,80,15,5
5.333333333,8,-1.396263402,80,15,10
5.333333333,5.333333333,-1.396263402,80,15,15
5.333333333,4,-1.396263402,80,15,20
5.333333333,3.2,-1.396263402,80,15,25
5.333333333,2.666666667,-1.396263402,80,15,30
5.333333333,2.285714286,-1.396263402,80,15,35
5.333333333,2,-1.396263402,80,15,40
5.333333333,1.777777778,-1.396263402,80,15,45
4,80,-1.396263402,80,20,1
4,16,-1.396263402,80,20,5
4,8,-1.396263402,80,20,10
4,5.333333333,-1.396263402,80,20,15
4,4,-1.396263402,80,20,20
4,3.2,-1.396263402,80,20,25
4,2.666666667,-1.396263402,80,20,30
4,2.285714286,-1.396263402,80,20,35
4,2,-1.396263402,80,20,40
4,1.777777778,-1.396263402,80,20,45
3.2,80,-1.396263402,80,25,1
3.2,16,-1.396263402,80,25,5
3.2,8,-1.396263402,80,25,10
3.2,5.333333333,-1.396263402,80,25,15
3.2,4,-1.396263402,80,25,20
3.2,3.2,-1.396263402,80,25,25
3.2,2.666666667,-1.396263402,80,25,30
3.2,2.285714286,-1.396263402,80,25,35
3.2,2,-1.396263402,80,25,40
3.2,1.777777778,-1.396263402,80,25,45
2.666666667,80,-1.396263402,80,30,1
2.666666667,16,-1.396263402,80,30,5
2.666666667,8,-1.396263402,80,30,10
2.666666667,5.333333333,-1.396263402,80,30,15
2.666666667,4,-1.396263402,80,30,20
2.666666667,3.2,-1.396263402,80,30,25
2.666666667,2.666666667,-1.396263402,80,30,30
2.666666667,2.285714286,-1.396263402,80,30,35
2.666666667,2,-1.396263402,80,30,40
2.666666667,1.777777778,-1.396263402,80,30,45
2.285714286,80,-1.396263402,80,35,1
2.285714286,16,-1.396263402,80,35,5
2.285714286,8,-1.396263402,80,35,10
2.285714286,5.333333333,-1.396263402,80,35,15
2.285714286,4,-1.396263402,80,35,20
2.285714286,3.2,-1.396263402,80,35,25
2.285714286,2.666666667,-1.396263402,80,35,30
2.285714286,2.285714286,-1.396263402,80,35,35
2.285714286,2,-1.396263402,80,35,40
2.285714286,1.777777778,-1.396263402,80,35,45
2,80,-1.396263402,80,40,1
2,16,-1.396263402,80,40,5
2,8,-1.396263402,80,40,10
2,5.333333333,-1.396263402,80,40,15
2,4,-1.396263402,80,40,20
2,3.2,-1.396263402,80,40,25
2,2.666666667,-1.396263402,80,40,30
2,2.285714286,-1.396263402,80,40,35
2,2,-1.396263402,80,40,40
2,1.777777778,-1.396263402,80,40,45
1.777777778,80,-1.396263402,80,45,1
1.777777778,16,-1.396263402,80,45,5
1.777777778,8,-1.396263402,80,45,10
1.777777778,5.333333333,-1.396263402,80,45,15
1.777777778,4,-1.396263402,80,45,20
1.777777778,3.2,-1.396263402,80,45,25
1.777777778,2.666666667,-1.396263402,80,45,30
1.777777778,2.285714286,-1.396263402,80,45,35
1.777777778,2,-1.396263402,80,45,40
1.777777778,1.777777778,-1.396263402,80,45,45
85,85,-1.483529864,85,1,1
85,17,-1.483529864,85,1,5
85,8.5,-1.483529864,85,1,10
85,5.666666667,-1.483529864,85,1,15
85,4.25,-1.483529864,85,1,20
85,3.4,-1.483529864,85,1,25
85,2.833333333,-1.483529864,85,1,30
85,2.428571429,-1.483529864,85,1,35
85,2.125,-1.483529864,85,1,40
85,1.888888889,-1.483529864,85,1,45
17,85,-1.483529864,85,5,1
17,17,-1.483529864,85,5,5
17,8.5,-1.483529864,85,5,10
17,5.666666667,-1.483529864,85,5,15
17,4.25,-1.483529864,85,5,20
17,3.4,-1.483529864,85,5,25
17,2.833333333,-1.483529864,85,5,30
17,2.428571429,-1.483529864,85,5,35
17,2.125,-1.483529864,85,5,40
17,1.888888889,-1.483529864,85,5,45
8.5,85,-1.483529864,85,10,1
8.5,17,-1.483529864,85,10,5
8.5,8.5,-1.483529864,85,10,10
8.5,5.666666667,-1.483529864,85,10,15
8.5,4.25,-1.483529864,85,10,20
8.5,3.4,-1.483529864,85,10,25
8.5,2.833333333,-1.483529864,85,10,30
8.5,2.428571429,-1.483529864,85,10,35
8.5,2.125,-1.483529864,85,10,40
8.5,1.888888889,-1.483529864,85,10,45
5.666666667,85,-1.483529864,85,15,1
5.666666667,17,-1.483529864,85,15,5
5.666666667,8.5,-1.483529864,85,15,10
5.666666667,5.666666667,-1.483529864,85,15,15
5.666666667,4.25,-1.483529864,85,15,20
5.666666667,3.4,-1.483529864,85,15,25
5.666666667,2.833333333,-1.483529864,85,15,30
5.666666667,2.428571429,-1.483529864,85,15,35
5.666666667,2.125,-1.483529864,85,15,40
5.666666667,1.888888889,-1.483529864,85,15,45
4.25,85,-1.483529864,85,20,1
4.25,17,-1.483529864,85,20,5
4.25,8.5,-1.483529864,85,20,10
4.25,5.666666667,-1.483529864,85,20,15
4.25,4.25,-1.483529864,85,20,20
4.25,3.4,-1.483529864,85,20,25
4.25,2.833333333,-1.483529864,85,20,30
4.25,2.428571429,-1.483529864,85,20,35
4.25,2.125,-1.483529864,85,20,40
4.25,1.888888889,-1.483529864,85,20,45
3.4,85,-1.483529864,85,25,1
3.4,17,-1.483529864,85,25,5
3.4,8.5,-1.483529864,85,25,10
3.4,5.666666667,-1.483529864,85,25,15
3.4,4.25,-1.483529864,85,25,20
3.4,3.4,-1.483529864,85,25,25
3.4,2.833333333,-1.483529864,85,25,30
3.4,2.428571429,-1.483529864,85,25,35
3.4,2.125,-1.483529864,85,25,40
3.4,1.888888889,-1.483529864,85,25,45
2.833333333,85,-1.483529864,85,30,1
2.833333333,17,-1.483529864,85,30,5
2.833333333,8.5,-1.483529864,85,30,10
2.833333333,5.666666667,-1.483529864,85,30,15
2.833333333,4.25,-1.483529864,85,30,20
2.833333333,3.4,-1.483529864,85,30,25
2.833333333,2.833333333,-1.483529864,85,30,30
2.833333333,2.428571429,-1.483529864,85,30,35
2.833333333,2.125,-1.483529864,85,30,40
2.833333333,1.888888889,-1.483529864,85,30,45
2.428571429,85,-1.483529864,85,35,1
2.428571429,17,-1.483529864,85,35,5
2.428571429,8.5,-1.483529864,85,35,10
2.428571429,5.666666667,-1.483529864,85,35,15
2.428571429,4.25,-1.483529864,85,35,20
2.428571429,3.4,-1.483529864,85,35,25
2.428571429,2.833333333,-1.483529864,85,35,30
2.428571429,2.428571429,-1.483529864,85,35,35
2.428571429,2.125,-1.483529864,85,35,40
2.428571429,1.888888889,-1.483529864,85,35,45
2.125,85,-1.483529864,85,40,1
2.125,17,-1.483529864,85,40,5
2.125,8.5,-1.483529864,85,40,10
2.125,5.666666667,-1.483529864,85,40,15
2.125,4.25,-1.483529864,85,40,20
2.125,3.4,-1.483529864,85,40,25
2.125,2.833333333,-1.483529864,85,40,30
2.125,2.428571429,-1.483529864,85,40,35
2.125,2.125,-1.483529864,85,40,40
2.125,1.888888889,-1.483529864,85,40,45
1.888888889,85,-1.483529864,85,45,1
1.888888889,17,-1.483529864,85,45,5
1.888888889,8.5,-1.483529864,85,45,10
1.888888889,5.666666667,-1.483529864,85,45,15
1.888888889,4.25,-1.483529864,85,45,20
1.888888889,3.4,-1.483529864,85,45,25
1.888888889,2.833333333,-1.483529864,85,45,30
1.888888889,2.428571429,-1.483529864,85,45,35
1.888888889,2.125,-1.483529864,85,45,40
1.888888889,1.888888889,-1.483529864,85,45,45
90,90,-1.570796327,90,1,1
90,18,-1.570796327,90,1,5
90,9,-1.570796327,90,1,10
90,6,-1.570796327,90,1,15
90,4.5,-1.570796327,90,1,20
90,3.6,-1.570796327,90,1,25
90,3,-1.570796327,90,1,30
90,2.571428571,-1.570796327,90,1,35
90,2.25,-1.570796327,90,1,40
90,2,-1.570796327,90,1,45
18,90,-1.570796327,90,5,1
18,18,-1.570796327,90,5,5
18,9,-1.570796327,90,5,10
18,6,-1.570796327,90,5,15
18,4.5,-1.570796327,90,5,20
18,3.6,-1.570796327,90,5,25
18,3,-1.570796327,90,5,30
18,2.571428571,-1.570796327,90,5,35
18,2.25,-1.570796327,90,5,40
18,2,-1.570796327,90,5,45
9,90,-1.570796327,90,10,1
9,18,-1.570796327,90,10,5
9,9,-1.570796327,90,10,10
9,6,-1.570796327,90,10,15
9,4.5,-1.570796327,90,10,20
9,3.6,-1.570796327,90,10,25
9,3,-1.570796327,90,10,30
9,2.571428571,-1.570796327,90,10,35
9,2.25,-1.570796327,90,10,40
9,2,-1.570796327,90,10,45
6,90,-1.570796327,90,15,1
6,18,-1.570796327,90,15,5
6,9,-1.570796327,90,15,10
6,6,-1.570796327,90,15,15
6,4.5,-1.570796327,90,15,20
6,3.6,-1.570796327,90,15,25
6,3,-1.570796327,90,15,30
6,2.571428571,-1.570796327,90,15,35
6,2.25,-1.570796327,90,15,40
6,2,-1.570796327,90,15,45
4.5,90,-1.570796327,90,20,1
4.5,18,-1.570796327,90,20,5
4.5,9,-1.570796327,90,20,10
4.5,6,-1.570796327,90,20,15
4.5,4.5,-1.570796327,90,20,20
4.5,3.6,-1.570796327,90,20,25
4.5,3,-1.570796327,90,20,30
4.5,2.571428571,-1.570796327,90,20,35
4.5,2.25,-1.570796327,90,20,40
4.5,2,-1.570796327,90,20,45
3.6,90,-1.570796327,90,25,1
3.6,18,-1.570796327,90,25,5
3.6,9,-1.570796327,90,25,10
3.6,6,-1.570796327,90,25,15
3.6,4.5,-1.570796327,90,25,20
3.6,3.6,-1.570796327,90,25,25
3.6,3,-1.570796327,90,25,30
3.6,2.571428571,-1.570796327,90,25,35
3.6,2.25,-1.570796327,90,25,40
3.6,2,-1.570796327,90,25,45
3,90,-1.570796327,90,30,1
3,18,-1.570796327,90,30,5
3,9,-1.570796327,90,30,10
3,6,-1.570796327,90,30,15
3,4.5,-1.570796327,90,30,20
3,3.6,-1.570796327,90,30,25
3,3,-1.570796327,90,30,30
3,2.571428571,-1.570796327,90,30,35
3,2.25,-1.570796327,90,30,40
3,2,-1.570796327,90,30,45
2.571428571,90,-1.570796327,90,35,1
2.571428571,18,-1.570796327,90,35,5
2.571428571,9,-1.570796327,90,35,10
2.571428571,6,-1.570796327,90,35,15
2.571428571,4.5,-1.570796327,90,35,20
2.571428571,3.6,-1.570796327,90,35,25
2.571428571,3,-1.570796327,90,35,30
2.571428571,2.571428571,-1.570796327,90,35,35
2.571428571,2.25,-1.570796327,90,35,40
2.571428571,2,-1.570796327,90,35,45
2.25,90,-1.570796327,90,40,1
2.25,18,-1.570796327,90,40,5
2.25,9,-1.570796327,90,40,10
2.25,6,-1.570796327,90,40,15
2.25,4.5,-1.570796327,90,40,20
2.25,3.6,-1.570796327,90,40,25
2.25,3,-1.570796327,90,40,30
2.25,2.571428571,-1.570796327,90,40,35
2.25,2.25,-1.570796327,90,40,40
2.25,2,-1.570796327,90,40,45
2,90,-1.570796327,90,45,1
2,18,-1.570796327,90,45,5
2,9,-1.570796327,90,45,10
2,6,-1.570796327,90,45,15
2,4.5,-1.570796327,90,45,20
2,3.6,-1.570796327,90,45,25
2,3,-1.570796327,90,45,30
2,2.571428571,-1.570796327,90,45,35
2,2.25,-1.570796327,90,45,40
2,2,-1.570796327,90,45,45
